time,score,algo,score_predicted
195.2178509235382,900,1,736.3064336570558
288.8866822719574,1500,1,861.736041141756
189.3703413009644,700,1,728.4761786387752
543.3360743522644,700,1,1202.4629074206541
356.9682831764221,2000,0,1667.1274823659983
